Title,Question,URL
登録制アルバイトの雇用契約について,お世話になります。雇用契約に関する質問をさせていただきます。当社ではアルバイト従業員への依頼業務が業務受託ベースであることから不定期な状態であります。しかし、委託元の要望もあり当社とアルバイト従業員の雇用関係は直接雇用契約を維持しております。このような条件下での登録制アルバイトの雇用契約を本サイトで調べていたところ、次の記載をしているＱ＆Ａを見つけました(https://jinjibu.jp/qa/detl/54473/1/)。この回答の2番目に記載されている「あくまで、具体的な依頼の都度、雇用契約書を作成することが原則となりますが、実現不可能ということであれば、初回登録時に労働基準法15条の明示事項を網羅した雇用契約書を交付する方法もございます。」の記載を参照に考慮した場合、新規採用するアルバイト従業員と最初に取り付ける雇用契約書は包括的な内容として直接雇用契約を結び、実際の業務依頼時に労働条件通知書で業務内容を提示するという流れであれば、委託元企業の要求する直接雇用契約している従業員になり得るでしょうか？また、当該ケースにおける雇用契約書のひな形等があればご教授いただければ幸甚に存じます。何卒よろしくお願い申し上げます。,https://jinjibu.jp/qa/detl/85780/1/
雇用契約書の代表者名について,雇用契約書を作成する際、代表者は法人代表でないといけないのでしょうか？事業所の代表では無効となってしまうのか？参考までに、社会保険の事業所登録は、法人代表者となっています。押印の関係で事業所代表で作成したいと考えています。アドバイス宜しくお願いします。,https://jinjibu.jp/qa/detl/71955/1/
雇用契約書の有効性について,契約社員を採用する際、面談時に口頭で２年程度の長期勤務を前提としている採用である旨を伝え、ただし業務への適性を見極めるために当初の雇用期間は３ヶ月とすることにも合意がなされたので採用としました。雇用契約書は、配属先事業所が正式に決定していなかったため、就業場所を会社名とし住所は予定配属先住所にして締結しました。その後、正式に予定通りの配属先に決定したため、会社名のあとに事業所名を入れて、雇用期間の開始日を配属日に変えただけの雇用契約書をあらためて締結しようとしたら、時給や３ヶ月の雇用期間の設定への不満を理由に署名捺印を拒否して現在に至っています。この場合、最初に締結した雇用契約書は有効であると考えて問題ないでしょうか。また初回契約で更新履歴がなく、業務指示に従わず支障を来たす事態が重なったため、契約期間満了で終了することを伝えていますが、面談時に口頭で長期勤務を前提としていた点を根拠に契約終了を頑なに拒否していますが、これは正当な根拠になり得るのでしょうか。,https://jinjibu.jp/qa/detl/10699/1/
雇用契約書内容について,雇用契約書内容の質問です。賞与・退職金についての項目があり「会社規程に準ずる」としております。会社規程とは就業規則を指しておりますが、入社後に閲覧できる状況です。以下2点についてご教示ください。①各種規定は入社前には閲覧できない状況なので雇用契約書への記載はどのようにすべきでしょうか②就業規則内の退職金支払年数等が記載された退職金規程は公開しておらずこの部分については在籍社員へ公開すべきでしょうかまたその際に雇用契約書への記載はどのようにしたらよろしいでしょうか,https://jinjibu.jp/qa/detl/122867/1/
労働条件通知書（雇用契約書）について,労働条件通知書（雇用契約書）について教えてください。雇用契約書の使用者印ですが、使用者印を押した後にコピーし、スタッフへ渡す+会社で保管でも問題ないのでしょうか。使用者印がコピーではなくちゃんと捺印したもののみ、有効なのでしょうか。,https://jinjibu.jp/qa/detl/120451/1/
有期雇用パート社員の契約更新の際、自動更新は可能か？,半年ごとの有期契約にて雇い入れをして、雇い入れ時にはきちんと就業時間や時給額、休日などパートタイム労働法に沿い明示した契約書を交わしていますが、さらに半年の更新契約をする際、待遇条件等がすべて同じであれば、契約書を新たに取り交わさず自動更新は可能でしょうか。先般、あるセミナーに参加した際、更新時も雇い入れ時と同じ解釈と説明され、条件がまったく同じであってもきちんと更新の契約書を取り交わさないと、企業が10万円以下の罰金となると聞きました。,https://jinjibu.jp/qa/detl/64676/1/
雇用契約書について,お世話になっております。正社員の雇用契約書についてご質問をさせて下さい。当社では入社時と試用期間終了時に雇用契約書を本人と締結しています。しかし、部署異動時や給与改定時にも雇用契約書を締結している状況です。多い場合は、入社2年目の社員で、6枚くらい雇用契約書がある状態です。雇用契約書とは別に辞令交付（昇格辞令等）発行していますので異動の度に雇用契約書を結びなおすのはおかしいと思いますが一般的にはどうなのでしょうか。宜しくお願い致します。,https://jinjibu.jp/qa/detl/10485/1/
雇用契約書の記入日付について,雇用契約書についての質問です。本年４月１日のように入社日が休日で、実際の出社が翌日からとなった場合、雇用契約書の記入日は、遡って入社日で記載するのか、それとも実際の記入日にするのか、どちらが適切でしょうか。以前「契約は契約期間に関わらず実記入日で書くこと」と聞いたことがありますが、雇用契約書もこの前提で良いのでしょうか。なお、雇用契約書の「入社日」は４月１日と明記しています。,https://jinjibu.jp/qa/detl/49020/1/
雇用契約書(労働条件通知書)について,①労働条件通知書と雇用契約書はどちらか１つでも問題ないでしょうか。②もしくは、労働条件通知書　兼　雇用契約書としても問題ないでしょうか。③試用期間があります。試用期間と試用期間終了後の契約内容が異なるため2種類作成していますが、雇用契約書は2種類まとめて渡すべきですか。それとも、試用期間終了時にもう1種類の契約書を渡せばよいでしょうか。,https://jinjibu.jp/qa/detl/128826/1/
雇用契約書について,就業規則には、時間外や有給の期日はありますが、雇用契約書には、時間外や有給の期日はありません。契約書としては違反になるのでしょうか？,https://jinjibu.jp/qa/detl/4839/1/
就業時間変更に伴う雇用契約書変更の件,いつも大変お世話になっております。この度、弊社にて就業時間の改訂がおこなわれることになりました。（内容）9時始業18時終業（休憩1時間）→8時50分始業18時終業（休憩1時間10分）これに伴い、質問がございます。・全正社員の雇用契約書の変更を行う必要があるでしょうか。・短期雇用社員（アルバイト）は半年ごとに契約書の変更を行っているのですが、それを待たずして、変更する必要がありますでしょうか。ご教示くださいますようにお願いいたします。,https://jinjibu.jp/qa/detl/48621/1/
雇用契約書に記載すべき賃金について,いつもお世話になっております。よろしくお願いいたします。雇用契約書には賃金を記載しなければならないとありますがそれは、金額を明記する必要がありますか？そうであればどこまで具体的（例えば基本給がいくら何々手当がいくら等々）に記載が必須でしょうか？当社の諸事情により、できれば契約書には【別紙明細により】等と金額の明記は避け雇用契約書とは別で金額の提示をするのは可能でしょうか？,https://jinjibu.jp/qa/detl/124776/1/
雇用契約書について,毎々お世話になっております。雇用契約書を交わす時期についてご教示ください。手続きの見直しで、オファーレター送付時に、雇用契約書（兼労働条件通知書）を一緒に同封しようと考えていますが、雇用契約書（兼労働条件通知書）は、入社時に交付した方がよろしいでしょうか？　また、これまでオファーレターには、入社承諾書を添付しておりましたが、雇用契約書でそれを代用することは可能でしょうか？関連する質問ですが、「労働条件通知書」は、いつ頃から明示が義務付けられたのでしょうか？　昔のやり方と少々違っていて、時々迷う事があります。ご教示お願い致します。,https://jinjibu.jp/qa/detl/109601/1/
雇用契約書の再作成について,昨年9月から3年契約の有期にて職員と雇用契約書を取り交わしましたが、本年に入り給与を引き上げることが決まり（実績を勘案した結果）、契約時に遡って差額を支給することになりました。　そこで、ご相談ですが、既に取り交わしている契約書を再度締結するにあたり、どのような点に注意して作成すればよいのかご教示をお願いいたします。,https://jinjibu.jp/qa/detl/12619/1/
就労ビザ　雇用契約書,留学生が就労ビザに変更する手続上で、入管法上の就労資格の取得を条件として雇用契約が効力を有するような内容（停止条件付き雇用契約）で契約を結ぶ場合、その一文は、内定承諾書に記載で大丈夫でしょうか？特に署名もなく、本人に渡すのみでも効力はありますか？,https://jinjibu.jp/qa/detl/88095/1/
労働条件通知書と雇用契約書について,お世話になります。表題の件につきまして、ご教示のほどお願いいたします。弊社では、内定後すぐに労働条件通知書を送り、内定受諾。入社日に雇用契約書で締結。という流れですが、労働条件通知書をお渡ししていない方の入社が迫っており、通常の雇用契約書に「労働条件通知書兼雇用契約書」と記載しお渡しする予定です。＜質問＞①上記の方法で良いのか、お伺いしたいです。②「労働条件通知書兼雇用契約書」作成で気を付けるべきポイント等はございますでしょうか。③今後、「労働条件通知書兼雇用契約書」の一枚で統一することはできますでしょうか。その際の、お渡しするタイミングがいつになりますでしょうか。ご多用の折、大変恐縮ではございますが、どうぞ宜しくお願いいたします。,https://jinjibu.jp/qa/detl/103831/1/
雇用契約の電子化以降に書面で希望する場合について,いつも貴重なご意見をありがとうございます。さて、弊社では、雇用契約書をクラウド上で電子的に配信し、それに電子署名を頂く形で運用しています。多くの社員には理解してもらえているのですが、なかに数名、電子的な雇用契約ではなく、書面での雇用契約を希望されている方がいると想定しています。ただ、システム上では、書面での雇用契約を希望するという選択肢はないため、従業員には電子的な合意を強制している状態です。書面での雇用契約を選択できないと、法的に問題はあるでしょうか？ちなみにですが、雇用契約書は労働条件通知書と兼ねています。合意後の雇用契約書を電子的に保管するか、書面での配付を希望するかは、従業員側で選択でき、書面での配付を希望された方には書面でお渡ししています。よろしくお願い致します。,https://jinjibu.jp/qa/detl/98273/1/
契約社員の雇用契約書について,内定の方に労働条件通知書兼用で雇用通知書をお渡ししたいのですが、入社日がまだ決まっていません。この場合は入社日が明記できないので雇用契約書ではなく労働条件通知書のみお渡し、入社日が決まってから雇用通知書を交付する形となりますでしょうか。お手数お掛けしますが、お教え頂けますと幸いです。,https://jinjibu.jp/qa/detl/76235/1/
社保加入日と雇用契約書の雇い入れ日が異なる？,いつも御世話様です。今度、６０代前半の方を雇い入れて、雇用契約書を取り交わす予定です。実際の雇用期間は、１２月２１日からなのですが、社会保険には、１２月１日より加入したいとの希望がございます。賃金は、１２月２１日からの分しか支払いを致しませんが、会社が認めれば、社保の加入日と仕事のスタート日が異なっても良いのでしょうか。法律上は、どうなのか、アドバイスをお願いします。,https://jinjibu.jp/qa/detl/24003/1/
日々雇用者についての雇用契約書,"弊社は小さな警備会社です。警備員は工事現場がある時に、その勤務が発生致します。一番短くて、前日と言う事も御座います。よって面接時はその事も納得して入社しており、さらに雇用契約書内にも「当社が貴殿に就労日を指定して、雇用を申し入れ、貴殿が承諾した場合に日々雇用が成立する」と明記して交わしております。雨などで現場が中止になった場合には中止手当（￥1,000～￥3,000円、顧客と交わした条件範囲にて）と称して雇用契約書に明記もし、支払ってもおります。現在のところ、問題は発生しておりませんが、懸念していることがあり、勤務がなかったとして休業補償を請求してきた時は困ります。ある社労士の先生に少しお尋ねしたところ、日々雇用契約書を交わさないとまずいとの話がありましたが、労使共に労力も掛かり、実現不可能と考えます。雇用契約書上の工夫により合法的な方法がありませんでしょうか。お知恵をお貸し下さい。何卒宜しくお願いします。",https://jinjibu.jp/qa/detl/54473/1/
雇用契約書,現在、パートさんの雇用契約書は半年後との更新としていますが、契約時間を１２０時間などと一律で明記しています。この方式ですと、３０日と３１日の月でも何となく店長は既得権の様に１２０時間を入れてしまうケースが多く有ります。例えば雇用契約書の中に３０日の月は１１２時間とか３１日の月は１２０時間とか日数によって異なる契約時間を明記することは可能でしょうか？お教え下さい。,https://jinjibu.jp/qa/detl/2591/1/
パート社員雇用契約書の契約見直し最低期限はありますか？,パート社員の雇用契約書を結びたいのですが、再契約の最低期間はありますか、又何か月でしょうか？・新たに契約書を結びたいときに、就業能力が未達の場合、契約を結ばなくても良いとは思いますが、注意点はありますでしょうか？,https://jinjibu.jp/qa/detl/98912/1/
アルバイト雇用契約書について,アルバイトを雇用することになり、雇用契約書を作成しております。正社員とは違うのでどのように作成すればよいのか教えてください。（労働条件）・勤務時間：10:00〜19:00の間で4時間程度・勤務日：平日の週2〜3日程度　出勤する曜日は固定ではなく、本人の学業等のスケジュールに合わせて変動・1週間の総勤務時間数は20時間未満・1日あたりの勤務時間は4時間から減ることはありませんが、本人が時間があり、働きたいと申請すれば最長7時間半まで勤務可能・賃金は時給・休憩は6時間を超え8時間以下の場合45分、8時間超の場合60分このようにシフト制のような勤務になります。勤務時間がその日に決まったりするので、はっきり●時間と記載できません。ある程度幅を効かせて、記載できますでしょうか？この場合、勤務時間の欄などはどのように記載したらよろしいのでしょうか？また、8時間を超えない部分については割増賃金を支払う必要はないのでしょうか？その場合、雇用契約書にもその旨を記載すべきでしょうか？初めてアルバイトを雇用する小さな会社で相談する方もおらず困っております。ご教授お願い致します。,https://jinjibu.jp/qa/detl/94773/1/
派遣労働契約書に交通手段を記載いただくのは違反なのですか？,受入している派遣スタッフの交通費を把握するために、契約書面に内訳記載をお願いしたところ、特定の派遣元から以下のようなコメントが寄せられました。「弊社担当部署に確認をしたところ特定行為にあたる可能性があるため、記載が難しいとの見解でした。」と。交通費の請求が正しいのかを判断するため、報告いただくことになっていますが、このような特定行為とは何を意味するのでしょうか？理解が出来ません。お詳しい方に、ご教示いただけましたら幸いです。お手数をおかけ致しますが、どうぞよろしくお願いいたします。,https://jinjibu.jp/qa/detl/128209/1/
試用期間と雇用契約書,お世話になっております。当社では、有期契約社員について、１４日間の試用期間を設けています。入社した時に、試用期間に対する印鑑を両者が(当社では担当者印)押印しています。また、試用期間が終わったら再度本契約に対する印鑑を両者が(当社では社印)押印しています。この方法であっているのか疑問に思えてきました。入社日から社印を押印するべきではないでしょうか？また、試用期間に対する押印というのは、必要なのでしょうか。ご指導の程、よろしくお願い申し上げます。,https://jinjibu.jp/qa/detl/9190/1/
以前の雇用契約書は無効になるか？,製造業をしております。従業員にはパートタイマーがおり雇用契約書を取り交わしています。最低賃金の更新時ともともとの4月に雇用契約書を更新しております。その際には雇用契約書の旧版は3年間分を保管しておりますが、旧雇用契約書は会社側も、使用者側も旧版扱いとしてなにか処置を行ったほうがよいでしょうか？保管している以前の雇用契約書は契約日付によって最新版と識別でき、旧版は無効になるのでしょうか？雇用契約書には1年間の契約としている。最低賃金が秋に改定されるため4月に取り交わしした雇用契約その期間がダブってしまう。よろしくおねがいします。,https://jinjibu.jp/qa/detl/85464/1/
不定期の雇用契約について,当社は全国に専門店をチェーン展開する会社です。定年後（６５歳）の従業員を不定期で雇いたいという要望が出てきました。不定期というのは本人の経験を生かし店舗の搬入応援や陳列作業等を必要あるときだけ行うというもので、遠方店舗の場合は出張を伴います。開店や改装がない時は仕事はありません。ですので仕事のある時期は偏りがあります。不定期な日雇いならその都度契約を結べばいいとは思いますが、手続が面倒であるため、１年契約として、税額乙欄扱いの臨時雇員で当社が必要とするときに、（仮に）10時から19時休憩１時間１日8時間働いてください。仮に時給は１０００円です。出張の際の日当及び交通費は出張旅費規定を準用する...。その他必要な明示事項を記載する...。このような内容で本人と合意すれば労働契約を締結することは可能でしょうか？,https://jinjibu.jp/qa/detl/58133/1/
雇用契約書の必要性,いつもお世話になります。弊社では、社員採用時に雇用条件通知書及び就業規則を交付しています。（コピーを会社で保管）一般的に、雇用条件通知書を渡せば、契約書（双方が捺印）は必要ないとは思うのですが裏づけする法令や文言があれば教えていただければ幸いです。例えば労基法第十五条では　使用者は、労働契約の締結に際し、労働者に対して賃金、労働時間その他の労働条件を明示しなければならない。この場合において、賃金及び労働時間に関する事項その他の厚生労働省令で定める事項については、厚生労働省令で定める方法により明示しなければならない。と、ありますが、契約書を交わさなくてもいいとは書いていません。記載がない＝必要ない　と解釈していいのでしょうか？宜しくお願い致します。,https://jinjibu.jp/qa/detl/6928/1/
時給ＵＰにあたり契約書を更新すべきか,無期と有期のパートがいます。有期は1年の契約。　無期は就業規則に沿って60歳の誕生日までとなっています。相談毎：　有期/無期のパートに　昇給の度に　毎度　雇用契約書を発行すべきなのでしょうか？　　　　　個人の見解としては　　2019年10月1日より　○○様の　時間給は1000円　と通知し　　　　　労働者側に　サイン押印を求めなくてもよいのでは　と思っています。　　　10月に最低賃金が更新され　当社に在籍する　無期/有期のパートは数人　次の最低賃金では下回るので　時間給をＵＰすると上司が言っています。それに伴い　雇用契約書を　再発行せよと指示があり　毎度の事ですが20人以上の契約書を毎年　事が起きるたびに作成し　正直　疲れます。無期が発令した事で　多少　契約書を作成する事が　軽減されるかと思ったのに結局　時給の昇給があった場合　また　作るのかと思うと　事務作業は減らないのかと思います。雇用契約書には昇給については　「改定する事もあれば　業績によりしない事もある」と記載しています。また　いつ　時間給が昇給するか等は明確にしていません。どのように取り組む事が　ベストなのか　お教えください。,https://jinjibu.jp/qa/detl/86533/1/
有期契約と定年について,いつもお世話になっております。有期契約社員に「定年」は適用できるのでしょうか？または「定年年齢」の60歳以降雇用（更新）しないと規定することはできるのでしょうか。（無期転換は発生しないとして）ちなみに弊社は、正社員は60歳定年で、その後は1年ごとの更新で65歳までの再雇用制度を導入しております。若い会社の為、今まで定年になった人はいません。,https://jinjibu.jp/qa/detl/68398/1/
正職員の雇用契約書の作成について,標記の件でご教授ください。年金事務所から厚生年金保険被保険者の資格等の調査が近くあるとの通知があり、当日の準備書類の中に雇用契約書が必要とありましたが、当事業所には雇用契約書が存在しません。1.有期雇用の方には、労働条件通知書を交付（本人の自書による契約あり）2.正職員は入職時は試用期間中の労働条件通知書を交付（本人の自書による契約あり）し、試用期間終了時に正職員としての辞令交付を行う。としてきた歴史があります。（私自身もそうでした。）このような場合、入職時点の雇用契約書がないのですが、どのように対応すべきか悩んでおります。１．入職時に遡って作成したものを持参する。（不正行為であればしません。）２．試用期間中の労働条件通知書の写しと辞令の写しを持参する。（労働者名簿は整備しています。）３．当日、契約書がないことを伝え、指示をもらう。上記のような考えしか出てきません。良い対応方法があれば教えてください。また、今後は雇用契約書を整備することで問題解消に向かうことは可能と思いますが、これまでの正職員についてはどう対応すべきか、併せて教えていただけると助かります。宜しくお願いいたします。,https://jinjibu.jp/qa/detl/78591/1/
１年経過後の労働契約書の交付義務,入社時労働契約書は交付せず、口頭で契約していた社員が、入社後１年経過した今になって労働契約書を請求してきました。この社員に対し労働契約書を交付する義務はあるのでしょうか。？　また、労働契約書がない場合でも、労働者が数ヶ月間労働を続ければ、その労働条件を追認したものとして、その時の仕事内容や賃金が契約と見なされると解釈していますが、誤りでしょうか？,https://jinjibu.jp/qa/detl/44232/1/
入社承諾書と雇用契約書の効力,毎々お世話になっております。既に同様の質問をさせて頂きましたが、追加で投稿させていただきます。入社前に、入社承諾書に署名をもらい、同時に雇用契約書を取り交わした場合、内定取り消しは出来なくなってしまうという理解でよろしいでしょうか？反対に、入社辞退に対しては、雇用契約書だけ交わしておけば歯止めになると考えてよろしいでしょうか？　気になりましたので、再度投稿させていただきました。,https://jinjibu.jp/qa/detl/109624/1/
雇用契約書,ご相談です。パート雇用契約書の契約期間が、（平成　25年　7月　1日～平成　27年　6月　30日）の2年契約になります。H27年4月1日より、時給がUPしました。シフトも週2日から週3日に変わります。新たに、雇用契約書の作成依頼がありましたので、作成しようと思います。その場合、雇用契約書の契約期間が、（平成　27年　4月　1日～平成　27年　6月　30日）に定めていいでしょうか？それとも、当初の（平成　25年　7月　1日～平成　27年　6月　30日）に定めるのでしょうか？ご回答よろしくお願いします。,https://jinjibu.jp/qa/detl/62335/1/
患者送迎運転手の雇用期間について,パートタイム（アルバイト）の患者送迎の運転手を新しく求人するにあたって、65歳以上の方を1年の有期契約（更新あり）、70歳以上の方を6か月の有期契約（更新あり）とすることは問題ないでしょうか。採用時に65歳未満の方は65歳までは無期契約、65歳に達した時点で1年の有期契約、70歳に達した時点で6か月の有期契約とするイメージです。,https://jinjibu.jp/qa/detl/107900/1/
このケースだと、雇用保険はどのようになるのでしょうか？,初めまして。現在、社内で人事業務を務めることになり勉強をしております。雇用保険の加入をしているパートさんについて、お伺いしたいことがございます。【Q】パートさんが、私用で所定労働時間が週20時間を切る時がたまにある場合は、雇用保険は解除されるのでしょうか？（雇用契約書は週21時間で契約しており、基本的には週20を超えています）雇用保険の加入が切れるとしたら、何を基準に20時間超えているかを判断するのでしょうか？ネットで調べていてもその基準がわからず質問をさせていただきました。皆様、宜しくお願い致します。,https://jinjibu.jp/qa/detl/90165/1/
アルバイトの雇用契約書について,弊社は店舗を運営している会社です。学生アルバイトも多く在籍し、週１勤務から週５勤務まであり、勤務時間も幅広くなっております。週１勤務の方でも４時間～８時間まで。週の勤務日数もシフト制のため様々です。10月からの社会保険の拡充に伴い、雇用契約書を複数にわける必要が出てきました。ただ上記のような勤務体制のため従業員個別で契約書を作成するにはあまりにもパターンが多くなりすぎてしまいます。記載方法として【社保加入対象外・・・扶養内勤務希望者や昼間学生など】月間の総労働時間は80時間未満とする【社保加入対象者】月間の総労働時間は80時間以上とするだと記載に問題は出るのでしょうか？,https://jinjibu.jp/qa/detl/119447/1/
雇用契約書や労働条件通知書について,弊社は3年前まで雇用契約書や労働条件通知書の発行がありませんでした。3年前から入社した社員には雇用契約書や労働条件通知書が発行されていますが、それ以前に入社した社員にはありません。全て面接時に口頭で説明したのみで文書は発行されていないのです。（弊社は中小企業で1000人未満です）今からでも全社員に発行する必要があるのでしょうか。,https://jinjibu.jp/qa/detl/114943/1/
有期雇用契約の更新条件の明示について,即今の経済情勢を鑑みて、有期雇用契約の締結・更新について考えているところがあります。有期雇用契約の締結時には、その契約の更新の有無、契約を更新する・しないの基準を明示しなければならないかと思いますが、例えば、「雇用契約にかかる、携わる業務・仕事が完了した場合は、契約を更新しない」と言った条件を明示し、その通りに契約を更新しなかったとしても、法的には問題はないでしょうか。あるいは、「雇用契約期間内であっても、携わる業務・仕事が完了した場合は、その時点を持って契約を終了する」と言った条件を明示し、その通りに契約を終了したとしても、法的には問題はないでしょうか。ご教授下さい。宜しくお願いいたします。,https://jinjibu.jp/qa/detl/18414/1/
労働通知書（＆雇用契約書）の英語のみの提供,最近転職した会社から労働通知書と雇用契約書をいただきましたが英語のみでした。以前外資系で務めてた時は日本語（効力）と英語（参照のみ）で準備してましたが英語のみは初めてです。就業規則は労基に届ける必要があるため英語のみでの作成は不可能ですが、労働通知書に関しては語学的は英語のみ（や日本語以外の言語のみ）で問題ないのでしょうか？そうなった場合のリスクも踏まえてご教示いただけますと幸いです,https://jinjibu.jp/qa/detl/105152/1/
雇用契約の遡及について,いつもお世話になっております。よろしくお願いいたします。弊社では、有期雇用者の雇用契約を半年ごと（4/1～9/30、10/1～3/31）に見直しています。10月1日からの雇用契約の変更・更新をする際に、休憩時間・労働時間の変更をした者がいるのですが、確認したところ9月以前も実態と契約上とが相違していたことが判明しました。このような場合、どのように対処するのが正しいのでしょうか・・？①遡及して雇用契約書を変更する②過去の分の雇用契約書は変更しないご教授頂けると助かりますよろしくお願いいたします。,https://jinjibu.jp/qa/detl/107990/1/
雇用契約後に音信不通,よろしくお願いします。正社員として採用いたしましたが、雇用契約書を結んだ翌日から音信不通となり、困惑しております。メールや電話での退職の連絡も来ておりません。出社したのは、雇用契約の手続きをおこなった1時間ほどです。就職を希望されないことや退職を希望されているのであれば、それはやむを得ないと思います。音信不通なので意思確認もできない状態です。この様な状況で弊社が負うリスクはありますでしょうか？また、このような事を避けるために取れる手段や予防策はありますでしょうか？お手数をお掛けしますが、ご教示頂けると幸いです。,https://jinjibu.jp/qa/detl/128827/1/
パート従業員の雇用契約書について,派遣会社で事務をしている者です。従業員の雇用契約書を作っているのですが、手当ての記載の仕方がいまいちわかりません。普通時間、残業時間関係なく働いた時間×20円を手当てとして支給することになりました。たとえば、普通時間171時間　残業時間20時間とすると合計191時間×20円＝3820円が手当てとして支給されます。このような場合雇用契約書にはどのように記載すればよろしいのでしょうか。よろしくお願い致します。,https://jinjibu.jp/qa/detl/78682/1/
非常勤職員の雇用契約書について,社員の休暇取得時のみ勤務の非常勤職員がおり、出勤日数は月に1～2回程度で、本人もその認識でおります。その非常勤職員の労働条件通知書兼雇用契約書の休日・勤務日欄は、「勤務日→会社の指定する日(月1～2回程度)／休日→会社の指定する日以外」の様な記載で問題ないでしょうか？弊社の労働条件通知書兼雇用契約書に勤務日と休日の両方を記載する欄があり、その記載方法についてご教示いただきたく存じます。勉強不足で恐れ入りますが、宜しくお願い致します。,https://jinjibu.jp/qa/detl/90325/1/
業務内容,【状況説明】4月1日からの1年度ごとの契約で、雇い入れ時の「労働条件通知書」に業務内容には「契約社員」とだけ明記し渡しています。その後「労働条件通知書」は渡しておらず、6年間のうちで1回だけ雇用契約書を締結しています。その「雇用契約書」に記載した「業務内容」も「契約社員」としています。当該契約社員の方が、6年目に無期転換権の行使を申告され、7年目に「雇用契約期間」を「期間の定めなし」とした「雇用契約書」を提示しました。「業務内容」について、「事業を遂行するために必要とされる、各種業務」としたところ「曖昧で分からない」「何でも命令できる仕様に変えてきたのは不利益変更だ」と契約書の署名捺印を拒んでいます。就業規則にも、契約社員の期間は1年としていて、特段「業務内容」は明記しておりません。【質問①】提示した雇用契約書にサインをしないのなら、今年度はもう契約しないということは可能なのでしょうか？（従来通りの仕事はすると、現在も出勤して仕事はしています。）【質問②】契約しないということが可能な場合、労働者都合の退職としてよいのでしょうか？,https://jinjibu.jp/qa/detl/125789/1/
雇用契約書,週3日勤務、月額10万、所定労働時間で計算すると最低賃金を下回るのですが大丈夫なのでしょうか？,https://jinjibu.jp/qa/detl/114113/1/
有期雇用における労働契約書,有期雇用（契約期間6ヶ月）において、契約更新時に就業状況が思わしくなく、今回契約を持って次回契約を行なわないこととしたいと考えています。（契約は、過去に2回契約更新を行なっております。）就業規則には、「契約延長することがある。」と規定しており、労働契約書上においても「契約延長することがある。」と記述しております。このような場合、労働契約書とは別に、覚書として契約更新を行なわない旨の確認を取り付けることで対応しても問題とはならないでしょうか？ちなみに、雇い止めの基準として改善指導事項に対して、改善が認められないと会社が判断したときとしており、今回の件は、従事している作業で上位職の指示に従わず、指示を行なっても、「昇給が行なわれないのであれば、指示には従わない。」との返答であり、作業指示に従おうとする姿勢が見られない。これを理由として、契約期間の延長を行なわない旨を示したいと考えております。労働契約書上に、「契約延長はない」と記載すると、就業規則との齟齬が出るため、覚書として個別に対応を図りたいのですが、そのような覚書は効力を持つと言えるのでしょうか？,https://jinjibu.jp/qa/detl/45117/1/
アルバイトの雇用契約について,お世話になります。たとえば、週１日で８時間勤務でアルバイト契約（雇用契約書を締結）した場合週に２日（16時間）勤務させることは難しいのでしょうか？,https://jinjibu.jp/qa/detl/50344/1/
雇用契約書の記入について,いつもお世話になっております。雇用契約を締結するときに就業場所を記入しなければいけないと思いますが、勤務する事業所名でよいのか、詳細に○○事業所○○部○○課でなければいけないのか、どちらでしょうか？ご教授願います。,https://jinjibu.jp/qa/detl/7280/1/
個別契約期間が3１日に満たない場合の対処方法,お世話になっております。派遣先より次回の契約期間短縮の申し入れがありました。具体的には現在の契約期間が7/1～8/31までで次回は9/1～9/30での契約となります。ところが困ったことに個別契約の期間に合わせて、雇用契約も期間を定めていたので次回の派遣社員との契約期間が３０日になってしまいます。条件が変更になったことを理由に現在の雇用契約期間終了を待たずに再契約を行うことは可能でしょうか。それとも10/1までの契約とし１日分の補償をしなければならないのでしょうか。また、今年は偶然にも10/1が日曜日なので補償する必要はないのでしょうか。よろしくお願い致します。,https://jinjibu.jp/qa/detl/129718/1/
労働条件通知書・雇用契約書の電子捺印について,労働条件通知書・雇用契約書の電子捺印が可能になりましたが、保管期間と保管方法についてお伺いしたく存じます。退職後5年（3年）まで保管だと思いますが、最初の数年は電子捺印のシステム上で保存、その後退職後の保管期限到来まではpdf出力したもので保管。というのは法律上問題ないのでしょうか？何卒よろしくお願い申し上げます。,https://jinjibu.jp/qa/detl/104117/1/
正社員の雇用契約書,いつも拝見させて頂いております。当社では、正社員採用の際には、雇用契約書を結んでおりません。就業規則や給与規定を入社時に渡すことと、別に身元保証書を結んでいること、期間の定めのない終身雇用だからというのが理由ですが問題はありますでしょうか。先日、身元保証書の更新について、人事内で議論になりその際、雇用契約書を結んで身元保証に関する内容も包括すればいいのではないかという意見があがり、発展してそもそも雇用契約書を結んでいないことには問題がないのかとの話になりました。新卒の正社員でも入社時に雇用契約書を結ぶべきなのかご教授ください。,https://jinjibu.jp/qa/detl/50651/1/
契約社員の雇用契約書,はじめて質問させていただきます。無期転換した場合の契約社員との雇用契約書には、契約期間は、初めから空欄にして月日はいれないのでしょうか。また、契約社員就業規則には、無期転換できる旨の条項を必ず設けないといけないのでしょうか。,https://jinjibu.jp/qa/detl/70566/1/
雇用契約書の保管について,はじめまして。様々な事例をいつも参考にさせて頂いております。社員数の増加に伴い人事書類も増え、保管場所の確保に困るようになりました。そこで双方捺印済みの雇用契約書等をＰＤＦ化してデータ保管し、原本は社員に渡そうと思っているのですが、問題はないのでしょうか。宜しくお願い致します。,https://jinjibu.jp/qa/detl/17701/1/
雇用契約書の会社控えのＰＤＦ化,お世話になります。雇用契約書の会社控えをＰＤＦ化して電子保存するにあたってご教示ください。弊社では有期契約社員、及びパート社員と雇用契約を交わす際は、同一の書面を２通作成して社印と代取印の押印、及び本人の自署と押印したものを双方が１通ずつ所有することとしておりましたが、書面の作成は１通だけとして原本を本人所有、会社側は原本をＰＤＦ化して電子保存しようと考えております。問題点や懸念点等がございましたらお教え頂けないでしょうか。宜しくお願い致します。,https://jinjibu.jp/qa/detl/87546/1/
雇用契約書への5勤制の表記,いつもお世話になっております。以下3点ご質問です。よろしくお願いします。当社では以下のようなシフト制（5勤制）を採用しており、就業規則の始業時刻・終業時刻の欄にも盛り込んでいます。1勤　始業　午前8時00分～終業　午後4時40分2勤　始業　午前8時30分～終業　午後5時10分3勤　始業　午前9時00分～終業　午後5時40分4勤　始業　午前9時30分～終業　午後6時10分5勤　始業　午前10時00分～終業　午後6時40分①このように始業時間・終業時間が5パターンある場合、雇用契約書の勤務時間の欄にも5パターン全て記載しなければいけないのでしょうか？②雇用契約書には色々な内容を盛り込んでおり、雇用契約書のスペースに限度がありますので出来ましたら、雇用契約書の勤務時間の欄には代表的な始業・終業時刻を記入し、何か追加の文言を記載することにより対応できればと思うのですが何か良い方法はございますでしょうか。例えば、『シフト制　　　　①無　　　②有（詳細は就業規則の定めによる）』などと1行追加、①か②に○を付けるような形にするなどです。③当社で言うシフト制は、事業所や職種によって1勤であったり、2勤であったり、営業職の場合、お客様の商談時間の特性に合わせ、面談時間が遅めの営業部は5勤であったり、面談時間が早めの営業職は1勤であったり、そういった活用方法なのですが、基本的な質問で申し訳ございませんが「シフト制」と「交替勤務」とはどのような違いがあるのでしょうか？「交替勤務」というのは工場の早番・遅番であったり、午前9時から午後9時まで稼働しているお客様相談窓口でしたら午前9時～午後5時勤務の早番と午後1時～午後9時の遅番があったりする場合を指すのでしょうか？,https://jinjibu.jp/qa/detl/66461/1/
雇用契約書の締結,弊社には子会社があり、この度、親会社に統合する事となりました。子会社の従業員は親会社に転籍となると考えるのですが、その場合、個々の従業員との雇用契約の締結が必要となるのでしょうか。,https://jinjibu.jp/qa/detl/12360/1/
パート社員が更新の雇用契約書の提出を渋っている。,昨年10月1日から６か月ごとの雇用契約を結んだパート社員ですが、3月上旬に手交して、書類は持ち帰っているはずですが、次回4月1日からの継続の雇用契約書の提出を渋っている状態です。催促しても、まだ出せない、と返事する次第です。4月1日からの業務を進めるという前提で準備していますが、この状態だと、3月31日まで待つしかないのでしょうか？これで、パート社員から3月31日に更新せず期間満了にします、と言われると不安しかありません。,https://jinjibu.jp/qa/detl/91655/1/
パート社員の雇用契約書の定年についての表記,いつもお世話になります。当社ではパート社員の定年について定めていなかったため、今年4月1日よりの就業規則では定年制を定めることとしました。色々な意見が出た中で、60歳未満のパート社員については以下のように定めることとしました。**************************************************無期労働契約へ転換した社員に係る定年は、満60歳の誕生日とする。また、平成29年4月1日以降に入社し、無期労働契約へ転換していない期間雇用者の定年も同様とする。**************************************************この場合、雇用契約書の定年の表記として次の2案がまず浮かびますが、案①定年制　　無　・有⇒（　　）歳。但し、継続雇用制度あり。案②定年制　　有⇒（　　）歳。但し、継続雇用制度あり。上記①で定年制「有」とすると、例えば、35歳で入社し、無期転換の権利を得る40歳までの間は、勤務成績や態度、期間満了時の業務量により雇止めとなる可能性もありますので、雇止めに該当する事項が発生し、雇止めをしようとした際に、60歳が定年なのに雇止めはおかしいじゃないですか？と主張されてしまう気がします。かといって、定年制「無」にすると、60歳になるまで無期転換をしない社員が居た場合、60歳になった時に『60歳で定年のため、雇用関係は終了です。』と言えなくなってしまいます。現在、在籍する定年制なしで入社しているパート社員については『定年制　無』に〇を付けて貰うとし、4月1日以降入社するパート社員については、『定年制　　有⇒（60）歳。継続雇用制度あり』としておけば、これはあくまでも雇用契約を繰り返し、60歳に到達した場合の定年を指し、例えば、雇用期間を2017年4月1日～2017年6月30日で雇用契約を結んでいるパート社員が、7月1日からの更新が無かった場合、「いや、定年は60歳なので、雇止めはおかしいのではないですか？」と主張は出来ないということでよいのでしょうか？それとも上記の定年の表記以外にも、雇用期間の欄の最後に以下のように「但し、最終の契約は満60歳の誕生日までとする。」と付け加えておくのがよいでしょうか。期間の定めあり　　　　年　　　月　　　日～　　　年　　　月　　　日従業員は、上記雇用期間中の継続勤務を履行しなければなりませんが、やむを得ない事情がある場合は、臨時社員就業規則に定める手続をとってください。業務量の著しい減少等、経営上やむを得ない場合は、契約期間内であっても、30日前までに通知することにより、本契約を終了することができます。本契約の更新は、従業員の勤務成績・態度、能力向上の程度、期間満了時の業務量により判断します。但し、最終の契約は満60歳の誕生日までとする。以上、どのような表記が問題ないのか、お手数ですが、ご回答をよろしくお願いします。,https://jinjibu.jp/qa/detl/69112/1/
雇用契約書について,いつも解りやすい回答ありがとうございます。今回の質問ですが、雇用契約についての質問になります。現在の契約の内容と違う形での給与の支払いがあり、それについてお伺いいたします。現在の雇用契約内容ですが勤務時間：　9：00～18：00　休憩1時間　(週40時間)休日：　土、日、祝日という内容なのですが、現在3ヶ月のみ臨時(新規現場の立上げ対応として)でシフト勤務(24時間勤務)を行っております。ここで働いている一般の職員は業務変更に伴い月変形労働制で雇用契約書を結びなおしているのですが私は臨時対応の為、雇用契約の結びなおしはしていない状況です。お聞きしたい内容なのですが、雇用契約書の結び直しをしない状態で、本人の同意もなく月変形労働制での給与に変更されての支払いになっている状態ですが、雇用契約上の問題は無いのでしょうか？どうしても疑問に感じたのでご質問させていただきました。,https://jinjibu.jp/qa/detl/72022/1/
雇用契約書の電子化を進めるにあたって,有期雇用の従業員の契約更新に伴う、雇用契約書の電子化について相談です。現在、契約更新（雇用継続）時は、紙の契約書を交わしています。こちらをお互いの利便性向上のため、電子化したいと考えております。想定しているシステムは、従来の紙の契約書に記載している内容をそのままシステム画面に転記したもので、従業員が指定したメールアドレスにシステムのアクセスURLを送り、従業員はPCでその画面にアクセスし、内容を確認するというものです。その時気になっているのが以下2点です。①署名する機能はなく、承諾する場合は「承諾する」というボタンを押して、署名の代わりとする。②画面印刷する際は、エクセル出力（書き換え可能）となる。②は運用次第でなんとかなりそうですが、そもそも①はそのような見解で問題ないでしょうか。どうぞよろしくお願い致します。,https://jinjibu.jp/qa/detl/82454/1/
契約社員の社会保険・雇用保険の加入について,"いつも大変お世話になっております。労働期間の決まっている契約社員の雇用をする際の社会保険・雇用保険の加入ですが、何ヶ月以上の雇用の場合は加入しなければならないというように決まっているのでしょうか。また、2,3ヶ月の雇用の場合仮に社会保険、雇用保険への加入が必要な場合でも、本人との労働契約書により未加入で雇用契約を結ぶことは可能でしょうか。宜しくお願いいたします。",https://jinjibu.jp/qa/detl/18765/1/
正社員との雇用契約締結について,いつもお世話になっています。期間の定めのない雇用（いわゆる正社員雇用）時の書類について、確認したく、ご教授の程お願い申し上げます。私が入社する以前は、採用辞令交付とその時点で有効な就業規則をプリントアウトして手渡すのみだったようなのですが、私が総務部に入社して以降は、労働条件通知書の交付と併せて就業規則の説明をした上で、労働条件通知書受領確認書という社内様式に、提出年月日・住所・氏名を直筆で記入し、捺印の上提出してもらうようにしています。今回はその「労働条件通知書受領確認書」の文面についての確認です。【私は、御社より労働条件通知書を正に受領し、入社当日に御社の社内規程（就業規則及び付随する諸規程等）の提示と共に内容の説明を受け、了承いたしました。つきましては、御社と私が自由意思に基づく合意の上雇用契約を締結した証として、本書を提出いたします。零細株式会社代表取締役零細太郎様令和◎年◎月◎日労働者本人の住所労働者本人の氏名(捺印)】という文面なのですが、何か漏れている・あるいはこれも書いておいたほうがいい等ございますでしょうか？ちなみに、誓約書（秘密保持や勤務に関する配慮等に関する事項などに関するものです。）や、通勤届・雇入時健康診断結果通知書・マイナンバー関連の承諾書・身元保証書などは、別に提出して頂いておりますので、あくまで「雇用契約締結の証」としての内容を具備しているかどうかについてお尋ねしたく思います。会社によっては、労働条件通知書兼雇用契約書として、会社と本人が捺印したものを２部作成し、互いに１部保管するという形式を取っているところもあると聞き、現在私が講じている「労働条件通知書の交付→受領確認書の提出」という方法では、問題があるのかな？と不安になった次第です。よろしくお願いいたします。,https://jinjibu.jp/qa/detl/107023/1/
有給休暇の付与日,パートの雇用契約書では2021年10月1日ですが、初出勤日が10月4日です。4月1日に一斉付与の会社です。有給休暇は4月4日が最初の付与ですよね。次回が2023年の4月1日に2回目の付与であってますか？よろしくお願いします。,https://jinjibu.jp/qa/detl/114074/1/
雇用契約書押印の必要性について,弊社では、一部社員を「期間の定めがある」契約社員として雇用しております。雇用契約書は、労働条件通知書を兼ねたものとして締結しております。雇用契約書は、会社と社員の記名・押印が必要としております。そこでご相談なのですが、押印を省略することは問題ないものでしょうか？実情として社員から押印されたものが届くのが、契約開始日を過ぎるケースが多々あり、契約開始日に締結の確認ができないほうが問題なのではないかと考えております。そのため、契約開始1～2週間前に社員に送り、異議申し立て期間を設定し、申し立てがなければ雇用契約の成立とできないかと考えております。法的な必要性はないと認識しておりますが、調べているとトラブル防止のために押印が必要と考えている社労士の方もいらっしゃいました。ご意見、頂戴できれば幸いです。,https://jinjibu.jp/qa/detl/49954/1/
準委任契約（SES）の場合の雇用契約書について,当社で採用したエンジニアがクライアント先で働いてもらうSES事業をしているのですが、当本人との雇用契約書についてお伺いできればと存じます。クライアント先で仕事をするため、就業場所や勤務時間は「顧客先によって変動するなど」の文言で補足しているのですが、休日や休暇もクライアント先に合わせる場合どのように記載するのが良いでしょうか。本社社員は、土日祝日休み、年末年始、夏季休暇（自由に5日間）があるため、そのような雇用契約書になっております。初歩的な質問で大変恐縮ですが、ご回答宜しくお願い致します。,https://jinjibu.jp/qa/detl/111574/1/
雇用契約書の保管について,契約社員の雇用契約書の保管について質問です。現在の会社は、本社の他、全国に出先の事業部が十数か所あり、各事業部に契約社員が在籍しています。通常の契約更新時は、出先事業部の押印と本人の押印のうえ、出先事業部と本人とで1通ずつ雇用契約書を持ち合って保管しています。しかし最近、契約社員でも期間限定での転勤をすることがあり、そのときの雇用契約書の作成・保管について疑問が出てきました。基本的に毎年４／１から１年間の契約を締結しているのですが、以下のパターンの場合、どこの事業部が雇用契約書を作成し、保管をすればよいのかご教示いただきたいと思います。（前提条件として、更新期間は１年間で給与等待遇の変更は無し。就業場所だけの変更となります）　【事例】①２０１３／４／１～２０１４／３／３１まで、Ａ事業部所属の社員が、Ｂ事業部にて業務を行う。　この場合、３月時点ではＡ事業部所属なので、Ａ事業部で契約を締結すべきか？　あるいは、契約期間はＢ事業部での業務になるので、Ｂ事業部で契約を締結すべきか？　　（※Ｂ事業部で契約を締結する場合は、４／１以降の契約書の調印になってしまっても問題ないか？）②①の事例で、Ａ事業部で契約書を調印した場合、原本保管はＡ事業部で良いか？　※該当期間、実際に就業しているのはＢ事業部であり、社内の扱いも該当期間はＢ事業部所属となるので、　　Ｂ事業部で契約書を調印し、Ｂ事業部が保管するべきか？契約更新日より前に雇用契約書を締結しようとすると、就業場所はＢ事業部、所属も４／１からＢ事業部となるにもかかわらず、Ａ事業部の押印というのが不思議な感じがしています。そうとはいえども、実際にＢ事業部に到着してから（４／１以降に出社）契約更新というのも良いのかなという気がします。どのような方法が最善なのか。ぜひご教示くださいますようお願い申し上げます。,https://jinjibu.jp/qa/detl/54674/1/
雇用労働契約書の電子契約時印影について,いつも大変お世話になっております。パート・アルバイトの雇用労働契約書について、弊社では電子契約を採用しており、その際フルネームで印影（サービス内で簡易的に作成）を付けて頂いておりました。昨今、「電子契約では印影が不要」となっているケースが多く、弊社でも雇用労働契約書について、「印影不要」としていきたいのですが、何か問題となることはございますでしょうか？また、問題はなくても留意しておくべきことはございますでしょうか？ご教授頂けると幸いです。お忙しいところ申し訳ございませんが、何卒宜しくお願い致します。,https://jinjibu.jp/qa/detl/118064/1/
有期雇用契約の期間と期間満了時の取り扱いについて,これまで新規採用の際は6か月の有期雇用契約（契約社員と定義）を結び、双方同意ができれば正社員への契約切り替え（正社員転換）を実施していました。雇用契約書には「更新する場合がある」と定め、職務遂行能力などをみて不安が残る場合は再度3か月の雇用契約を結び、最終的に6か月（再契約した場合は9か月）が終わった段階で、以降の契約を行わないか、正社員での契約をするかを判断していました。採用面接の際に、最初は有期雇用契約で採用すること、6か月経過以降に正社員転換があり得ること、更新を行わず契約期間満了で雇用を終了する場合があることは説明しております。しかし、時給の調整や就業場所・業務内容の変更が必要になる場合があるため、有期雇用契約の期間が6か月では長すぎると感じており、3か月ごとの契約で3～9か月契約社員として様子を見る（1年以内に正社員転換を行う）ように変更したいと考えています。この場合、以下の内容についてご教示いただきたいです。①更新という取り扱いではなく、3か月ごとに契約内容を見直し「再契約」としたいのですが、直接雇用の有期雇用契約の場合に期間を空けずに雇用を継続する場合は「更新」としかできないのか、「再契約」と定義して問題ないのか。②「再契約」と定義した場合、有給休暇は法定通り6か月で10日付与（以降法定通り付与、正社員転換時も日数・期間引継ぎ）とすれば問題ないのか。③双方同意できず、再契約を行わず契約期間満了時点で雇用を終了する場合、本採用拒否や解雇と同等の取り扱いになってしまうのか。,https://jinjibu.jp/qa/detl/125933/1/
出向契約終了後の雇用契約書の再締結について,関連会社へ出向していた社員の出向契約が終了となり戻ってくるのですが、その社員は勤務態度、営業成績、他者のコミュニケーションなどあらゆる点で問題があり、幾度とトラブルを起こしています。これを機に雇用契約書を見直したく、給与額は出向先の半分以下で考えています。この条件は元々、書面での取り交わしはないものの両者合意の上での条件です。また、入社時に取り交わした雇用契約書は出向先での給与条件になっていたので、出向契約終了時には再度、内容を見直して雇用契約書を交わすという覚書は取り交わしてあります。このような場合でも不利益変更など法的に問題はないでしょうか？,https://jinjibu.jp/qa/detl/73780/1/
雇用契約書の修正,弊社では平成25年～29年頃まで雇用契約書を作成していませんでした。そのためその時期以前に所属する社員の雇用契約書の書き方がわかりません。例えば平成25年1月から雇用していて、現在も契約内容（給与以外）が変わっていない社員がいるとします。その場合は雇用契約書の日付は現在にすべきなのかどうなのかわかりません。また、就業規則の変更等で一部退職に関する事項の文言に違いもあり、それが平成31年3月にあります。まとめますと、元々無かった雇用契約書の日付のあつかいと、その間の変更履歴をどうすればよいのかということです。※（【現在は、当初の日付（平成25年1月）で今現在の雇用契約の内容で作成しています。】ある助成金の申請で、就業規則の文言と雇用契約書の文言（継続雇用制度を希望者全員から、会社内選別も行えるように改訂）が違うと指摘されました。元々無かったものを作れというならできますが、そんな改ざんの様なものでいいのか悩んでいます。また過去の日付がいけないとなると、過去の雇用契約書は存在しないので困ります。先方からは、過去の就業規則の雇用契約に関する改訂日ごとの雇用契約書の提出を求められています。以上、乱文で読みにくいかもしれませんが、よろしくお願いいたします。,https://jinjibu.jp/qa/detl/88754/1/
労働条件通知書を渡すタイミングについて,お世話になります。労働条件通知書を渡すべきタイミングやそれに関連にする質問です。恐れ入りますが以下ご教示ください。※全て新卒大学生の採用をイメージしております。　・新卒大学生の採用において労働条件通知書を渡すべきタイミングはいつまでに実施しないといけないものでしょうか。　こちらは明確に〇月〇日に渡すもの、など法律で定められておりますでしょうか。・内定通知書に労働条件が記載されている場合、こちらが労働条件通知書となりますでしょうか。　もしくは、【労働条件通知書】と記載されていないといけないものでしょうか。・雇用主と労働者の間で雇用契約が生まれるのは、内定の承諾を求職者がした場合に発生するものでしょうか。　もしくは、労働条件通知書を渡したタイミングとなりますでしょうか。　正式に雇用契約がスタートするタイミングをご教示いただけますでしょうか。基本的な質問で大変恐縮ですがどうぞよろしくお願い致します。,https://jinjibu.jp/qa/detl/85057/1/
法定労働時間を超える雇用契約書の書き方,いつもお世話になっております。タイトルの件でどなたかご教示いただけますでしょうか。１日１０時間、週４日で雇用契約を結ぶ場合、雇用契約書への適切な書き方を教えて下さい。変形労働時間制は導入していません。労使協定は締結済みです。１日８時間を超える労働時間については割増賃金を支払います。※下記の時間は例えばです。①　就業時間　　　始業：午前９時～終業：午後８時　休憩１時間　実働１０時間　　時間外労働　　上記のうち、午後６時～午後８時の２時間　　所定労働時間　１０Ｈ　×　週４日　＝　４０Ｈ／週　　割増賃金率　　法定外２５％②　就業時間　　　始業：午前９時～終業：午後６時　休憩１時間　実働８時間　　時間外労働　　午後６時～午後８時の２時間　　所定労働時間　８Ｈ　×　週４日　＝　３２Ｈ／週　　　　　　　　　但し、毎回２時間の時間外労働がある　　　割増賃金率　　法定外２５％上記が適切でない場合、適切な書き方をご教示いただけないでしょうか。よろしくお願いいたします。,https://jinjibu.jp/qa/detl/95156/1/
雇用契約書と就業規則,外資系の東京現地法人、現在社員数は5名です。今後、10名以上になる予定はありません。就業規則を準備しています。現雇用契約書は、本社の非常に詳細な内容の契約書を雛形としたもので、就業規則の内容を網羅しています。このような場合、就業規則の必要性はあるのでしょうか。また、（詳細な）雇用契約書と就業規則が存在し、内容に矛盾があった場合、法的にはどちらが有効になるのでしょうか。宜しくお願いいたします。,https://jinjibu.jp/qa/detl/65000/1/
アルバイト雇用契約書の再締結時の対応について,細かい事で恐縮ですが何卒宜しくお願いいたします。当社のアルバイト社員にて、以下のケースが発生します。【最初の契約】雇用契約期間:3月1日〜4月15日時給:1000円↓4月1日から時給を1100円に変更4月1日をもって、社内でアルバイトの基本時給の見直しを行い、その改定前後に入社した新規雇用者の初回契約途中でのケースです。就業時間や場所など、その他の内容に変更はありませんが、これを受けて当社では「4月1日から15日まで」の分で新たな契約書を作成し、締結しました。この場合の「前契約書」について、「終了日を3月31日に修正し、訂正印を」等の対応を厳密に行う必要はありますでしょうか。それとも「新契約書を締結した時点でそちらが優先される」といった考え方で、特に前契約書の対応はせずに問題無しと考えて良いでしょうか。ちなみに当社の契約書は、複写式の手書きのもので、本人控えと会社控えとに分けて、会社控えのみ会社保管しています。前契約書の修正となると、本人分を再度持参頂くなど、厳密さをもっての対応となると手間が相当かかることが予想されます。考え方や対応方法について、ご教授のほど宜しくお願いいたします。,https://jinjibu.jp/qa/detl/58455/1/
雇用契約書の更新について,弊社では嘱託者社員を雇用しております。1年毎の契約を基本とする雇用契約書を会社と社員で締結しております。しかし、その後雇用契約が1年経過後に雇用契約書の更新がなされておらず、事実上自動更新という形になってしまってます。現在ではそのような嘱託社員が何十名も在籍しております。会社としては一度雇用契約書の管理をしっかりとしたく、社員と新たに雇用契約書を締結したく思います。このような場合にどのように手続きを進めていいのかご教授ください。また今回雇用契約書を更新するにあたって事実上自動更新となっている社員の中から雇用契約を解除したい社員がいる場合はどのようにすればいいでしょうか。以上よろしくお願いいたします。,https://jinjibu.jp/qa/detl/6475/1/
有期雇用者の契約書廃止について,お世話になります。標題の件、弊社は7000名近くの有期雇用者を抱えるサービス業を営んでおりますが、ここ数年売上拡大とともに、有期雇用者の人数増で、半年毎に更新される有期雇用者の契約書作成ならびに回収の作業工数増が問題となっております。よって、契約内容に変更が無ければ、契約書を発行しないことが、法律的に可能かどうか、また、弊社にとって考えられるリスクがあればご教授願いたく存じます。,https://jinjibu.jp/qa/detl/15817/1/
有期契約の雇用契約書の保存期間について,弊社では、有期契約のアルバイトの契約を半年ごとに更新しております。人数が多いため、雇用契約書は従業員毎ではなく、半年更新毎にファイル保管にしております。事務簡素化の都合上、法定の3年間保存後、ファイル毎破棄したいのですが、有期契約の場合は、契約終了日を退職日とみなし、契約終了日から3年で破棄してもよろしいのでしょうか？あるいは、過去の契約更新した契約書をすべて保存しておく義務があるのでしょうか？ご教示よろしくお願いいたします。,https://jinjibu.jp/qa/detl/11698/1/
雇用契約書の作成義務,いつもお世話になっております。1点ご質問です。よろしくお願いします。当社の内部監査より営業所に監査に行ったところ1名、雇用契約書の保管が無い営業社員（正社員）がいるとの報告がありました。その社員は15年前に入社した社員なのですが、おそらく何度か転勤をしている社員ですので、その間に閉店支店等で廃棄してしまったのかも知れません。当社では就業規則でも労働条件は明示されているのですが、改めて雇用契約書を作成する必要はあるのでしょうか？,https://jinjibu.jp/qa/detl/63150/1/
雇用契約書と労働条件通知書について,現在弊社では、アルバイト・パート採用について労働条件の明示を徹底する手段として、・雇用契約書の改訂（新規契約・更新契約）・労働条件通知書の新規作成を考えております。そこで一点確認をさせていただきたいのですが、雇用契約書をもって、労働条件通知書を兼ねることはできるのでしょうか。（法的な通知義務を満たすことになるのでしょうか。）以上、よろしくお願いいたします。,https://jinjibu.jp/qa/detl/11596/1/
契約社員雇用契約書の絶対的記載事項,お世話になります。契約社員の雇用契約書の中で・時間外・休日出勤の有無・昇給に関する事項につきまして、就業規則で定めてあり契約書の最後に「その他の事項は契約社員就業規則による」とあれば、詳細は省略可能でしょうか？ご教授お願い致します。,https://jinjibu.jp/qa/detl/6908/1/
雇用契約の不備に関する相談,委託社員（業務委託契約の現場にて就業）との雇用契約について、記載事項について実態が異なることが出てきました。具体的には、就業時間です。契約時には、8時~、8時30分~のシフトのみでしたが、実態は7時30分~というものが有ることが判明しました。その後、委託社員に説明し、勤務に関してご理解いただき、対応してもらっていました。しかし、契約内容の変更に関する書面の取り交わしを行っておらず、その後やはり出来ませんということで、初めに交わした契約内容での勤務を主張。こちらの不備ではあるので、時間に関しては了承しました。この影響で、会社の指示、決定事項に関して、ことごとく反対をしております。たとえば時間外管理についても、事前申請することへの反対で、勤務シフトの不実行、申請とは異なる方法での通勤（電車ではなく車、そうすることにより通勤費を浮かせることができる）等々。このほかにも、始業時間の虚偽申請も発覚しました。当社としても、業務運営に支障が出ておりますが、契約時の不備があり、そこをつつかれて弱い立場になってしまっています。できれば、契約解除をしたいと考えております。30日前通告の解雇として考えておりますが、様々な虚偽などの事例で解雇はできるのでしょうか？また、この対応以外で望ましいことはありますか？たぶん、本人は契約内容が違うことを盾にしているので、根拠のあるしっかりとした対応をすれば納得すると思いますが・・・。何かアドバイスいただけると幸いです。,https://jinjibu.jp/qa/detl/60175/1/
派遣契約書のとりかわしにについて,ひとつの派遣契約で、2名のスタッフを派遣しております。派遣期間は6ヶ月です。1名は無期雇用、1名は有期雇用で、7月に無期雇用となります。このようにひとつの派遣契約に、無期雇用と有期雇用が混在し、契約期間中に有期雇用から無期雇用になる社員がいる場合、無期雇用社員と、有期雇用社員の派遣契約を分けなければいけないと派遣先から言われました。有期雇用社員が、無期雇用社員になった7/1付で、変更した派遣通知書と派遣先管理台帳の提出で良いと思うのですが。契約書を2部作成仕直さなければいけないでしょうか？よろしくお願い致します。,https://jinjibu.jp/qa/detl/102300/1/
有期雇用契約更新終了について,有期雇用契約者は半年契約を更新しています。（４/１～9/30と10/1～3/31）雇用契約書には契約を更新の有無は「業務量」「勤務態度」等数項目により判断するとしています。また、最終契約の場合は、本人同意の下雇用契約書に「最後の契約」と記載をしています。上記が基本なのですが、有期雇用契約者には契約時に6ヵ月先の事は分からないので業務量減少などで次期契約を行わない場合は、契約期間終了の3ヵ月前までに本人に契約更新しないことを予告することもあると伝えています。この場合終了３ヵ月猶予期間がありますが、問題や気をつけるところはありますでしょうか？,https://jinjibu.jp/qa/detl/63918/1/
雇用契約書の訂正に際してご指導ください,いつも参考にさせて戴いてます！小さい合同会社で事務してます。経験が少ないのでご相談させてください。2/1から採用した契約社員さん（時給）の雇用契約書（2／1付）通勤手当の金額を間違えていたことに先日気付きました。当人には事情および金額の説明をし、理解をしてもらってるのですが、さて実際のところどう訂正したら正解なのか分からず困ってます。当初の雇用契約書に二重線で訂正をするのか、訂正印は会社、契約社員さん2人押すのか、はたまた新しく発行するのか、そしてその場合の日付は2／1付なのか、訂正した日にちにしなきゃなのか…何か注釈つけないとなのか…と、聞ける人がおらず混乱してます。アドバイスのほどよろしくお願いします,https://jinjibu.jp/qa/detl/101149/1/
アルバイト雇用契約書の再締結時の対応について,細かい事で恐縮ですが何卒宜しくお願いいたします。当社のアルバイト社員にて、以下のケースが発生します。【最初の契約】雇用契約期間:3月1日〜4月15日時給:1000円↓4月1日から時給を1100円に変更4月1日をもって、社内でアルバイトの基本時給の見直しを行い、その改定前後に入社した新規雇用者の初回契約途中でのケースです。就業時間や場所など、その他の内容に変更はありませんが、これを受けて当社では「4月1日から15日まで」の分で新たな契約書を作成し、締結しました。この場合の「前契約書」について、「終了日を3月31日に修正し、訂正印を」等の対応を厳密に行う必要はありますでしょうか。それとも「新契約書を締結した時点でそちらが優先される」といった考え方で、特に前契約書の対応はせずに問題無しと考えて良いでしょうか。ちなみに当社の契約書は、複写式の手書きのもので、本人控えと会社控えとに分けて、会社控えのみ会社保管しています。前契約書の修正となると、本人分を再度持参頂くなど、厳密さをもっての対応となると手間が相当かかることが予想されます。考え方や対応方法について、ご教授のほど宜しくお願いいたします。,https://jinjibu.jp/qa/detl/58455/1/
週労働時間が一定しない職員の処遇について,学生等を雇用する場合です。学業優先という条件で働いてもらいますので、ある週は20時間働いてくれても次の週はゼロだったりすることもあり月単位でみてもバラつきが大きく社保加入対象になることもあればそうでないこともあり一定しないと思います。役所にそういう職員の社会保険加入をどう考えればいいかと尋ねたところ3ヶ月継続して週○時間働くといった見通しの契約になっていないのなら社保加入対象にはならないと言われました。本人もそれで問題ないといいますが、困るのは雇用契約と有給休暇などです。週4日、1日2時間働くねー、といった働き方をしてもらう職員はパートタイマーとして雇用契約をむすび、就業規則を定めていますが、上記のような条件で働く職員はどのように雇用契約書をかわすのが適切なのでしょうか。週単位の労働時間を記入せず会社の営業時間を記して「上記時間内でシフト制」とのみ記入するのでは問題がありますか？有期休暇はどのように考えたらよいでしょうか。,https://jinjibu.jp/qa/detl/77100/1/
派遣事業に関する、従業員との書類について,お世話になっております。派遣事業が認可され、新たに始める予定です。そこで派遣社員との雇用契約書に関しての相談です。前職で派遣事業を行っていた時は派遣社員雇用契約書（兼）就業条件明示書　2枚印刷し会社及び個人（従業員）の押印をし、双方保管とやり方をしてました。他社を調査していると、労働条件通知書（兼）就業条件明示書　での対応をされている企業もあると見受けられます。こちらでも問題ないでしょうか。また押印は必要でしょうか。※こちらで展開している企業は、印欄がありませんでした。雇用契約書自体も双方の押印なしても問題なく（あったほうがいいが）昨今の押印不要の流れを組むと不要でもいいのかなと思いました。,https://jinjibu.jp/qa/detl/108407/1/
パートの有給休暇,いつもお世話になっております。パートの有給休暇雇用契約書で週３日の契約をしています。例えば、月・水・金の週３で契約していて、事前に事業所側から今週のみ月・水・木・金の週４で勤務依頼をしていた。（木曜日を依頼）当人の都合で木曜日が休みになった場合、有給を使用することが可能か教えていただきたく存じます。本来、勤務日ではなかったが事業所より依頼していたので有給消化できるのか？もしくは雇用契約上は週３契約なのでそれ以上の有給は消化できないと考えてよいのか？よろしくお願いいたします。,https://jinjibu.jp/qa/detl/128679/1/
契約書と雇用保険,対象者は６３歳の社員です。６０歳定年後、２年間は契約期間の定めあり（契約書あり）でしたが、今年度から契約期間の定めなく（契約書なし）、新たな立場になりました。実際、社員の3/4以上の就労なので社会保険は加入のままですが、報酬は低下しました。契約書は会社と本人との同意で作成しないことになったようです。（役員ではありません）雇用保険も加入しているので、高年齢雇用継続基本給付金を申請し受給開始の予定ですが、今後退職した場合は、雇用保険の喪失手続き（離職票作成等）が必要となります。契約書が無い場合であっても、退職後に受給できる失業給付等は認めていただけるのでしょうか？事務手続きをする立場では、定年→契約期間定めあり→契約期間定めなし（契約書なし）に違和感もあります。ご回答をよろしくお願い致します。,https://jinjibu.jp/qa/detl/93197/1/
１年経過後の労働契約書の交付義務,入社時労働契約書は交付せず、口頭で契約していた社員が、入社後１年経過した今になって労働契約書を請求してきました。この社員に対し労働契約書を交付する義務はあるのでしょうか。？　また、労働契約書がない場合でも、労働者が数ヶ月間労働を続ければ、その労働条件を追認したものとして、その時の仕事内容や賃金が契約と見なされると解釈していますが、誤りでしょうか？,https://jinjibu.jp/qa/detl/44232/1/
雇用契約書の捺印拒否について,お世話になります。現在、雇用している従業員（社員）との雇用契約書についてなのですが、条件は一切変更せず具体金額を書き加えた雇用契約書を発行致しました。雇用開始時から見込み残業分の時間の明示は行っており、今回発行した契約書では各々の報酬から計算した見込み残業分の具体金額を記載した形となります。ですが、一部の従業員が捺印提出を拒んでいる状況にあり、どのように動くべきか悩んでいる状況です。ご質問したい内容としては、雇用契約書を拒否した場合の認識はどうあるべきかになります。当然ながら、従業員に対して不利益な条件変更により拒否をなされた場合には、相応の理由が必要となる事は理解しておりますが今回については、変更は一切なく明示したのみとなりますのでこれには該当しないと考えております。,https://jinjibu.jp/qa/detl/61425/1/
雇用契約書内の試用期間/研修期間の賃金表記について,お世話になっております。試用期間もしくは研修期間と期間終了後の賃金が違う場合は、雇用契約書内でどこに試用/研修期間の賃金を記載したら宜しいでしょうか。＜契約期間＞試用/研修期間：有・無詳細：＜賃金＞基本給　　　●●円時間外労働　●●円深夜手当　　●●円※弊社は見做し残業を取り入れてます。契約期間の詳細に記載でしょうか。賃金欄に時間外労働と深夜手当も併せて記載でしょうか。また、試用/研修期間が当初の期間より延長となった場合の対応方法も併せてご教示いただければ幸いです。ご多用の折、恐れ入りますが、どうぞ宜しくお願いいたします。,https://jinjibu.jp/qa/detl/103832/1/
労働者派遣個別契約書における抵触日の記載義務,いつもお世話になっております。派遣元（当社）と無期雇用契約を締結した労働者を派遣する場合の個別契約書には、抵触日の記載は不要と理解しております。これは正しい理解でしょうか。,https://jinjibu.jp/qa/detl/67329/1/
アルバイト・契約社員の違いについて,初めて投稿させていただきます。このたび、月に８日程度の事務作業をしていただくスタッフを雇用したいと思っています。アルバイトもしくは契約社員といった形で採用になるかと思うのですが、この違いがよくわかりません。どなたかわかりやすく教えていただけないでしょうか。どうぞ宜しくお願い致します。,https://jinjibu.jp/qa/detl/43305/1/
雇用契約書必須記載事項について,平素お世話になっております。今年より人事を担っており、勉強不足の為ご教示いただけますと幸いです。現在、弊社で使用している雇用契約書(労働契約書)のフォーマットの見直しを検討しております。現在使用しているフォーマットに、記載必須事項漏れがあると前職にて人事総務を担当していた社員より指摘があったことが背景にございます。フォーマットの見直しにあたり、役員にどの記載項目が漏れていて何に基づき必要なのかを示す必要があり、根拠となるものを探しております。どの法律が根拠となるものなのかをご教示いただけますと幸いです。どうぞよろしくお願いいたします。,https://jinjibu.jp/qa/detl/73503/1/
労働条件通知書兼雇用契約書に記載する雇入れ日について,これまで契約社員として雇用していた従業員を次の更新から正社員登用する予定です。現在新しい労働条件通知書兼雇用契約書(以下雇用契約書)を準備中です。雇用契約書に雇入れ日を記入する欄があるのですが、ここには正社員登用となった日を記入するべきでしょうか？それとも、過去にさかのぼって本人が契約社員として入社してきた日を記入すべきでしょうか。また、「雇入れ日」以外に「正社員転換日」のような項目を追加し、それぞれ記入しても問題ないでしょうか。初めてのケースでわからず、そもそも雇入れ日の項目は不要などありましたら併せてご教示いただけますと幸いです。,https://jinjibu.jp/qa/detl/123108/1/
